{"cameraMode":{"drawMode":0,"name":"Shaded","section":"Shading Mode"},"sceneLighting":true,"audioPlay":false,"sceneViewState":{"showFog":true,"showMaterialUpdate":false,"showSkybox":true,"showFlares":true,"showImageEffects":true,"showParticleSystems":true,"showVisualEffectGraphs":true,"m_FxEnabled":true},"in2DMode":false,"pivot":{"x":10.113346099853516,"y":5.549813270568848,"z":0.13356366753578187},"rotation":{"x":0.13344816863536836,"y":-0.6191391348838806,"z":0.10752177983522415,"w":0.7664682865142822},"size":20.784799575805665,"orthographic":false}