{"cameraMode":{"drawMode":0,"name":"Shaded","section":"Shading Mode"},"sceneLighting":true,"audioPlay":false,"sceneViewState":{"showFog":true,"showMaterialUpdate":false,"showSkybox":true,"showFlares":true,"showImageEffects":true,"showParticleSystems":true,"showVisualEffectGraphs":true,"m_FxEnabled":true},"in2DMode":false,"pivot":{"x":13.020469665527344,"y":18.8383846282959,"z":7.644775867462158},"rotation":{"x":0.009717355482280255,"y":-0.7208721041679382,"z":0.010229913517832756,"w":0.6929898858070374},"size":3.6638317108154299,"orthographic":false}